id,lat,lng
1001-4,-23.5569885,-46.6284503
1002-2,-23.5387433,-46.6149628
1003-0,-23.5773576,-46.6227437
1004-9,-23.527224,-46.6979779
1005-7,-23.5514911,-46.599643
1006-5,-23.5429031,-46.5938736
1007-3,-23.5732611,-46.6056448
1008-1,-23.5497159,-46.5731826
1009-0,-23.5871347,-46.6146422
1010-3,-23.5729421,-46.6469935
1011-1,-23.5391639,-46.6491898
1012-0,-23.5790562,-46.5847934
1013-8,-23.5650339,-46.5832228
1014-6,-23.4858295,-46.6383709
1015-4,-23.6134706,-46.609397
1016-2,-23.5974099,-46.5654708
1017-0,-23.6031419,-46.6643298
1018-9,-23.4951775,-46.6281876
1019-7,-23.5038803,-46.6611137
1020-0,-23.5003177,-46.6542547
1021-9,-23.4869125,-46.6788155
1022-7,-23.4950429,-46.685379
1023-5,-23.4828509,-46.6142729
1024-3,-23.4938846,-46.5791133
1025-1,-23.5038483,-46.5786321
1026-0,-23.4679533,-46.5904837
1027-8,-23.471214,-46.6611232
1028-6,-23.6183838,-46.6354013
1029-4,-23.5928117,-46.7297553
1030-8,-23.5655409,-46.5361651
1031-6,-23.5413385,-46.5453798
1032-4,-23.5174119,-46.5393605
1033-2,-23.5963365,-46.5415926
1034-0,-23.5458344,-46.5187971
1035-9,-23.5258762,-46.5196305
1036-7,-23.5391052,-46.4886052
1037-5,-23.5379194,-46.4537446
1038-3,-23.4903899,-46.4753695
1039-1,-23.5475093,-46.4094261
1040-5,-23.4782578,-46.7000916
1041-3,-23.497217,-46.7132322
1042-1,-23.5977149,-46.6288885
1043-0,-23.511646,-46.7554894
1044-8,-23.6410552,-46.6365678
1045-6,-23.5993564,-46.4860971
1046-4,-23.5751854,-46.5640059
1047-2,-23.5027055,-46.4314517
1048-0,-23.5692113,-46.753999
1049-9,-23.5815782,-46.5151996
1050-2,-23.5977686,-46.52524
1051-0,-23.4685176,-46.6046905
1052-9,-23.4803683,-46.5900355
1053-7,-23.5295784,-46.6731686
1054-5,-23.6039377,-46.6165744
1055-3,-23.551983,-46.5352217
1056-1,-23.5140405,-46.745443
1057-0,-23.4743584,-46.6813481
1058-8,-23.5932513,-46.6469111
1059-6,-23.5985522,-46.6758022
1060-0,-23.4980607,-46.5949887
1061-8,-23.5017634,-46.3971287
1062-6,-23.5140413,-46.4996637
1063-4,-23.4783949,-46.4220979
1065-0,-23.6137062,-46.6189622
1066-9,-23.632765,-46.5870577
1067-7,-23.6663223,-46.6386065
1068-5,-23.5073202,-46.5371557
1070-7,-23.6366395,-46.7495706
1071-5,-23.747041,-46.687765
1073-1,-23.51497,-46.5088594
1074-0,-23.589277,-46.7940437
1075-8,-23.6131562,-46.5057981
1076-6,-23.6504378,-46.6616368
1077-4,-23.6761157,-46.6942407
1078-2,-23.6311554,-46.7670599
1079-0,-23.6593436,-46.6659444
1080-4,-23.7138918,-46.6985757
1081-2,-23.6021031,-46.6903501
1082-0,-23.6867678,-46.7702909
1083-9,-23.727204,-46.7032972
1084-7,-23.6816643,-46.638434
1085-5,-23.6525995,-46.7379066
1086-3,-23.6904528,-46.7100679
1087-1,-23.6919078,-46.6603914
1088-0,-23.6690799,-46.7847557
1089-8,-23.6115703,-46.704233
1090-1,-23.6514472,-46.7125616
1091-0,-23.5527367,-46.5030577
1092-8,-23.8507782,-46.7164256
1094-4,-23.6740112,-46.7499056
1095-2,-23.6185531,-46.5117713
1096-0,-23.6757674,-46.6620269
1097-9,-23.4673689,-46.6812205
1099-5,-23.5056981,-46.3822734
1102-9,-23.4829884,-46.421486
1104-5,-23.5423679,-46.7463947
1105-3,-23.5183639,-46.4580215
1106-1,-23.5967491,-46.4409385
1107-0,-23.6219024,-46.5891954
1108-8,-23.5605488,-46.4913201
1110-0,-23.5965129,-46.5009408
1111-8,-23.4964289,-46.673118
1113-4,-23.5243719,-46.4130941
1114-2,-23.5757572,-46.7234015
1115-0,-23.6622197,-46.7883172
1117-7,-23.4556224,-46.5898558
1118-5,-23.6462583,-46.7791978
1119-3,-23.6950646,-46.7793888
1121-5,-23.662455,-46.7540432
1123-1,-23.6860524,-46.6481218
1124-0,-23.5761876,-46.4848081
1125-8,-23.4839309,-46.389066
1126-6,-23.4078598,-46.7632217
1127-4,-23.7673973,-46.6846111
1128-2,-23.6768404,-46.6499626
1129-0,-23.5844147,-46.7910414
1130-4,-23.523346,-46.6282767
1131-2,-23.6191684,-46.4698809
1133-9,-23.5524645,-46.6775094
1134-7,-23.5478192,-46.4343841
1135-5,-23.4515015,-46.5960823
1138-0,-23.5018044,-46.5161802
1139-8,-23.7256388,-46.6851159
1141-0,-23.4501217,-46.7328755
1142-8,-23.5129735,-46.4332689
1143-6,-23.5021631,-46.5079658
1144-4,-23.6730396,-46.7427299
1146-0,-23.6757477,-46.7759758
1147-9,-23.7509671,-46.6787964
1149-5,-23.4606543,-46.6520823
1150-9,-23.5512445,-46.479742
1151-7,-23.5995369,-46.3980068
1152-5,-23.4869251,-46.5697547
1153-3,-23.5979119,-46.7526382
1154-1,-23.5488414,-46.6428115
1155-0,-23.6146916,-46.5018814
1161-4,-23.7386093,-46.6942265
1165-7,-23.520027,-46.3981421
1171-1,-23.5051878,-46.4492369
1173-8,-23.6934325,-46.6952504
1174-6,-23.7767654,-46.6940843
1175-4,-23.5391666,-46.6375803
1177-0,-23.6625003,-46.7796475
1179-7,-23.5235473,-46.4729256
1183-5,-23.5656289,-46.3958944
1184-3,-23.5902566,-46.3948422
1190-8,-23.4523512,-46.577835
1192-4,-23.5562868,-46.6400059
1193-2,-23.5863971,-46.8036992
1194-0,-23.6113772,-46.454893
1197-5,-23.5557714,-46.6395571
1198-3,-23.5710914,-46.6581094
1199-1,-23.6464736,-46.7575497
1200-9,-23.5086361,-46.6870791
1204-1,-23.6043504,-46.5958974
1205-0,-23.630215,-46.6807207
1207-6,-23.591201,-46.4167177
1208-4,-23.5016505,-46.6713802
1209-2,-23.5073282,-46.4768511
1210-6,-23.5603159,-46.6580977
1212-2,-23.4499324,-46.6169143
1215-7,-23.6337323,-46.4609091
1217-3,-23.5264088,-46.408344
1218-1,-23.437648,-46.790687
1220-3,-23.4821219,-46.4235486
1221-1,-23.4816467,-46.6743189
1226-2,-23.5780832,-46.3923431
1227-0,-23.500598,-46.3686084
1230-0,-23.3974225,-46.7555566
1234-3,-23.5301237,-46.5512971
1235-1,-23.5674017,-46.4177776
1237-8,-23.6218636,-46.4910466
1239-4,-23.4522611,-46.6922479
1243-2,-23.6454899,-46.5972309
1244-0,-23.4392643,-46.73205
1246-7,-23.8637876,-46.712701
1248-3,-23.5800225,-46.3874063
1251-3,-23.5601976,-46.3986725
1253-0,-23.6010108,-46.3985497
1254-8,-23.4517164,-46.6824933
1260-2,-23.511819,-46.6186332
1262-9,-23.783212,-46.7133956
1264-5,-23.5130654,-46.3851076
1267-0,-23.5949839,-46.4202029
1268-8,-23.6321644,-46.7288351
1270-0,-23.7843498,-46.6831417
1274-2,-23.5449112,-46.3930976
1278-5,-23.6428638,-46.7332228
1312-9,-23.6291117,-46.739513
1360-9,-23.4648044,-46.6646142
1370-6,-23.5414636,-46.4360186
1377-3,-23.5016529,-46.7187629
1380-3,-23.5338882,-46.4650951
1390-0,-23.479188099999998,-46.7470833
1413-3,-23.5278799,-46.6733949
1432-0,-23.53570499,-46.52928621
1488-5,-23.49295254,-46.50564391
1493-1,-23.5564676,-46.5607361
1761-2,-23.5705631,-46.4008218
1820-1,-23.65877404,-46.76721337
1849-0,-23.5141268,-46.5951686
1854-6,-23.530922,-46.529018
1892-9,-23.6261055,-46.7481496
1924-0,-23.4895,-46.7377604
1959-3,-23.5359866,-46.3975006
3000-7,-23.5585974,-46.5586596
3001-5,-23.5497264,-46.640692
3003-1,-23.6212977,-46.6122475
3004-0,-23.54467,-46.6650304
3005-8,-23.5796916,-46.6333692
3006-6,-23.5379063,-46.6007957
3007-4,-23.539203,-46.6052598
3008-2,-23.5396918,-46.6732384
3009-0,-23.5811298,-46.6513128
3010-4,-23.5676663,-46.5945341
3011-2,-23.5918919,-46.6081744
3012-0,-23.5590835,-46.5932551
3013-9,-23.5577692,-46.5857661
3014-7,-23.5180909,-46.604957
3015-5,-23.5359465,-46.5769553
3016-3,-23.6400221,-46.7152964
3017-1,-23.5979025,-46.671474
3018-0,-23.6039584,-46.6351512
3019-8,-23.5337726,-46.7015704
3020-1,-23.6181498,-46.6595056
3021-0,-23.6156055,-46.6437813
3022-8,-23.6219721,-46.6344463
3023-6,-23.6383577,-46.6089405
3024-4,-23.5310989,-46.562215
3025-2,-23.4959389,-46.6050216
3026-0,-23.507442,-46.6011698
3027-9,-23.6062742,-46.6898308
3029-5,-23.490143,-46.5931551
3030-9,-23.4987269,-46.5826217
3031-7,-23.4840339,-46.6215471
3032-5,-23.477717,-46.598481
3033-3,-23.4945979,-46.6475804
3034-1,-23.516808,-46.7213664
3035-0,-23.4993746,-46.6987035
3036-8,-23.6323128,-46.6244656
3037-6,-23.6384837,-46.6448984
3038-4,-23.6000811,-46.7210113
3039-2,-23.576619,-46.7428311
3040-6,-23.7370598,-46.6904873
3041-4,-23.5476165,-46.5537785
3043-0,-23.5259661,-46.5367001
3044-9,-23.5027637,-46.5294822
3045-7,-23.6204785,-46.6868636
3046-5,-23.6568034,-46.6724121
3047-3,-23.5115513,-46.514914
3048-1,-23.5221545,-46.5135548
3049-0,-23.5327135,-46.5123477
3050-3,-23.5269834,-46.4975473
3051-1,-23.4973791,-46.4249223
3052-0,-23.5718694,-46.5687529
3053-8,-23.4086717,-46.7504548
3054-6,-23.4556932,-46.5947315
3055-4,-23.5508381,-46.750051
3057-0,-23.5772475,-46.5544819
3058-9,-23.4908885,-46.6360976
3059-7,-23.5898546,-46.522881
3060-0,-23.5587756,-46.5193905
3061-9,-23.5906099,-46.5506799
3063-5,-23.5017923,-46.7603496
3064-3,-23.6109758,-46.6233718
3065-1,-23.5582096,-46.6804565
3067-8,-23.4987516,-46.7094684
3070-8,-23.5854388,-46.6170632
3071-6,-23.5062938,-46.6662181
3073-2,-23.527565,-46.6155537
3074-0,-23.5809083,-46.5104652
3075-9,-23.5442297,-46.5104467
3077-5,-23.4862061,-46.6743347
3078-3,-23.507257,-46.7403807
3079-1,-23.4704135,-46.6945029
3080-5,-23.5861183,-46.528146
3081-3,-23.510103,-46.6512716
3082-1,-23.5319951,-46.4793448
3083-0,-23.6352526,-46.5922456
3084-8,-23.507599,-46.4688171
3085-6,-23.6822041,-46.7121093
3087-2,-23.6746177,-46.7411818
3090-2,-23.6701385,-46.6660404
3092-9,-23.485886,-46.4873288
3093-7,-23.6219229,-46.4644307
3094-5,-23.5679201,-46.4825246
3095-3,-23.5505714,-46.4259858
3097-0,-23.6089311,-46.5143908
3098-8,-23.5040786,-46.5056848
3099-6,-23.4920772,-46.3914349
3100-3,-23.681548,-46.7811917
3101-1,-23.6574235,-46.7328998
3102-0,-23.5863656,-46.7368773
3103-8,-23.6462567,-46.7791857
3104-6,-23.6006192,-46.795343
3106-2,-23.6920686,-46.7425107
3110-0,-23.5023627,-46.4647807
3111-9,-23.5199526,-46.4399404
3112-7,-23.6138861,-46.5003079
3113-5,-23.7535688,-46.6685273
3116-0,-23.4509091,-46.684267
3118-6,-23.4592588,-46.6684148
3124-0,-23.4892871,-46.4150553
3127-5,-23.5080142,-46.4067551
3129-1,-23.6180522,-46.6799328
3132-1,-23.8088905,-46.7373271
3134-8,-23.6169923,-46.4792537
3135-6,-23.5266236,-46.67662
3137-2,-23.5834005,-46.674976
3139-9,-23.5104905,-46.5431982
3140-2,-23.5182268,-46.4473519
3142-9,-23.4977528,-46.4425615
3144-5,-23.5572073,-46.6346865
3145-3,-23.5942681,-46.6254383
3146-1,-23.5448833,-46.4142657
3147-0,-23.4424289,-46.7356749
3149-6,-23.5917137,-46.5013183
3151-8,-23.5142369,-46.4272959
3153-4,-23.6483914,-46.5998884
3155-0,-23.5973156,-46.4476835
3157-7,-23.6255356,-46.4457278
3158-5,-23.4391601,-46.7504558
3160-7,-23.5164178,-46.4608897
3162-3,-23.6244852,-46.4642773
3164-0,-23.5189215,-46.7051909
3230-1,-23.5989889,-46.5164685
3235-2,-23.4920597,-46.4417803
3324-3,-23.5030775,-46.3659107
3400-2,-23.471317,-46.6361077
3401-0,-23.6070209,-46.4437962
3402-9,-23.5423578,-46.5361244
3489-4,-23.6403996,-46.7462863
3744-3,-23.54192,-46.44936
3789-3,-23.4984221,-46.6132418
3815-6,-23.40706678,-46.75466799
3835-0,-23.50043133,-46.39725592
3869-5,-23.6420072,-46.7669739
3900-4,-23.5507224,-46.7180067
4000-2,-23.6079745,-46.4749318
4001-0,-23.5561135,-46.6246173
4002-9,-23.5689403,-46.6287692
4003-7,-23.5372621,-46.6112498
4004-5,-23.552977,-46.5994422
4005-3,-23.5298979,-46.6249485
4007-0,-23.5843661,-46.6245094
4008-8,-23.5788727,-46.6437253
4009-6,-23.5762209,-46.6124651
4010-0,-23.5620324,-46.5969303
4011-8,-23.5445505,-46.6881903
4012-6,-23.5982921,-46.7198765
4013-4,-23.5319741,-46.6908797
4015-0,-23.5021967,-46.6222386
4016-9,-23.5018059,-46.6385618
4017-7,-23.4895106,-46.6419189
4018-5,-23.5014541,-46.6568757
4019-3,-23.5018618,-46.6845499
4020-7,-23.5731538,-46.5746552
4022-3,-23.5545719,-46.5726238
4023-1,-23.5428307,-46.567915
4024-0,-23.60763,-46.6686143
4025-8,-23.6098974,-46.6110252
4026-6,-23.5056498,-46.572843399999996
4027-4,-23.6158723,-46.5950606
4028-2,-23.5312698,-46.7178455
4029-0,-23.5034588,-46.710986
4030-4,-23.5731528,-46.7274005
4031-2,-23.5046507,-46.5850925
4032-0,-23.4802187,-46.5940265
4033-9,-23.4757534,-46.6062852
4034-7,-23.4604128,-46.6561855
4035-5,-23.6486321,-46.6442497
4036-3,-23.5144867,-46.7430273
4037-1,-23.5174651,-46.5403213
4038-0,-23.5216072,-46.5289391
4039-8,-23.5358563,-46.528556
4040-1,-23.5488256,-46.5298335
4041-0,-23.558871,-46.5506334
4042-8,-23.5057838,-46.4901129
4043-6,-23.5048524,-46.4541596
4044-4,-23.5374246,-46.4094268
4045-2,-23.5881461,-46.5844084
4046-0,-23.600264,-46.647946
4047-9,-23.5945635,-46.5758254
4048-7,-23.5295714,-46.7261584
4049-5,-23.4631469,-46.5811288
4050-9,-23.616324,-46.670883
4051-7,-23.6600527,-46.7664196
4052-5,-23.6331992,-46.7025017
4053-3,-23.6320741,-46.6126512
4054-1,-23.6050488,-46.6085737
4055-0,-23.6207449,-46.60547
4056-8,-23.4862722,-46.7050148
4057-6,-23.5407675,-46.5570712
4058-4,-23.4552948,-46.6018691
4059-2,-23.5704629,-46.5165281
4060-6,-23.6097507,-46.5275434
4061-4,-23.4687934,-46.6743568
4062-2,-23.4689652,-46.6315576
4063-0,-23.5117948,-46.551163
4064-9,-23.5917042,-46.5357138
4065-7,-23.5386342,-46.488384
4066-5,-23.4943298,-46.7306451
4067-3,-23.484813,-46.5744462
4068-1,-23.4840757,-46.4297038
4069-0,-23.5480859,-46.6884679
4070-3,-23.5366778,-46.5060667
4071-1,-23.5975654,-46.4794038
4072-0,-23.5189949,-46.4356336
4074-6,-23.5532593,-46.6972697
4075-4,-23.4810358,-46.6942732
4076-2,-23.6919889,-46.6698741
4077-0,-23.7185642,-46.6890545
4078-9,-23.6632866,-46.6583442
4079-7,-23.6127515,-46.6848935
4080-0,-23.679456,-46.640462
4081-9,-23.6527633,-46.7379012
4083-5,-23.6250661,-46.6685949
4084-3,-23.6040438,-46.5382292
4085-1,-23.6685098,-46.6898717
4086-0,-23.6484859,-46.7539579
4087-8,-23.4745267,-46.7418342
4089-4,-23.5676996,-46.759763
4090-8,-23.7391039,-46.7064587
4092-4,-23.6457168,-46.5907768
4093-2,-23.6147112,-46.4719234
4094-0,-23.4460835,-46.7296027
4095-9,-23.6913885,-46.7026476
4096-7,-23.5973822,-46.7555817
4097-5,-23.5984457,-46.7327214
4098-3,-23.6273263,-46.4726092
4100-9,-23.6278014,-46.6355759
4101-7,-23.4885418,-46.61251
4103-3,-23.6518801,-46.7901451
4105-0,-23.5188733,-46.4494674
4106-8,-23.484269,-46.384863
4107-6,-23.50683,-46.3922249
4109-2,-23.5689735,-46.5227657
4110-6,-23.5783232,-46.5687093
4111-4,-23.7528505,-46.682999
4113-0,-23.5462945,-46.5002476
4117-3,-23.5576783,-46.509684
4119-0,-23.5836638,-46.5596257
4120-3,-23.5489198,-46.43677
4122-0,-23.597463,-46.4949187
4123-8,-23.606528,-46.501543
4124-6,-23.4460211,-46.7482098
4125-4,-23.4787821,-46.6517801
4128-9,-23.4776095,-46.7269244
4132-7,-23.6014459,-46.4009918
4133-5,-23.4686714,-46.6090109
4134-3,-23.7587455,-46.7067687
4135-1,-23.5641773,-46.6346077
4136-0,-23.51577,-46.4142782
4138-6,-23.7340217,-46.6687363
4140-8,-23.6931259,-46.7825817
4153-0,-23.4599079,-46.6241774
4154-8,-23.609405,-46.637122
4155-6,-23.6542833,-46.6379431
4156-4,-23.5694806,-46.6521627
4158-0,-23.5656289,-46.3958944
4160-2,-23.5356115,-46.4566568
4161-0,-23.5288437,-46.4442564
4162-9,-23.6081295,-46.4654142
4163-7,-23.59027,-46.39857
4165-3,-23.49248,-46.39056
4166-1,-23.558028,-46.4759591
4168-8,-23.5225569,-46.4303075
4172-6,-23.4837788,-46.4213747
4175-0,-23.6150371,-46.6435656
4176-9,-23.5549387,-46.6355915
4181-5,-23.5519675,-46.4011262
4184-0,-23.4962026,-46.5906736
4186-6,-23.5066857,-46.7473848
4188-2,-23.7941043,-46.7346927
4189-0,-23.5415182,-46.4458325
4194-7,-23.5075477,-46.6645013
4198-0,-23.5600162,-46.5380997
4202-1,-23.5819938,-46.5848599
4219-6,-23.6515347,-46.7073477
4244-7,-23.4935845,-46.4419626
4264-1,-23.525882,-46.670498
4306-0,-23.6297835,-46.7200732
4380-0,-23.5147373,-46.5265628
4386-9,-23.5003966,-46.7192759
4390-7,-23.550586,-46.4806019
4400-8,-23.57352,-46.5662588
4401-6,-23.6175699,-46.4880939
4402-4,-23.590164,-46.4830463
4415-6,-23.6278558,-46.7002561
4421-0,-23.4795526,-46.6281329
4438-5,-23.4922375,-46.4455287
4494-6,-23.5034642,-46.7153691
4724-4,-23.6595158002,-46.75017975
4760-0,-23.5031184,-46.3659945
4780-5,-23.58783846,-46.68419636
4797-0,-23.521815,-46.6643253
4851-8,-23.6054062,-46.6931296
4904-2,-23.5437068,-46.4158717
4935-2,-23.653242,-46.7047146
5000-8,-23.631454,-46.593494
5001-6,-23.5554294,-46.6549559
5002-4,-23.6329183,-46.6623831
5003-2,-23.5272251,-46.6374063
5004-0,-23.5732305,-46.6213201
5005-9,-23.5686802,-46.6641898
5006-7,-23.5262768,-46.6061797
5007-5,-23.5395464,-46.5888902
5008-3,-23.5489474,-46.5921723
5009-1,-23.54467,-46.6650304
5010-5,-23.5397561,-46.6729953
5011-3,-23.59416,-46.6128238
5012-1,-23.5945937,-46.6402623
5013-0,-23.5922044,-46.6025216
5014-8,-23.567094,-46.687634
5015-6,-23.5606016,-46.5842008
5016-4,-23.5759519,-46.588948
5017-2,-23.5421925,-46.5730745
5018-0,-23.5713414,-46.5809954
5020-2,-23.6010922,-46.5899093
5022-9,-23.6136238,-46.6189488
5023-7,-23.505937,-46.6136391
5024-5,-23.5006399,-46.6080836
5025-3,-23.531672,-46.6945292
5026-1,-23.4902538,-46.627181
5027-0,-23.5040111,-46.6684777
5028-8,-23.569156,-46.7052837
5029-6,-23.539019,-46.5609003
5030-0,-23.5213879,-46.7103643
5031-8,-23.6252263,-46.6479738
5032-6,-23.4750814,-46.6324901
5033-4,-23.542208,-46.5415364
5034-2,-23.5536263,-46.539732
5035-0,-23.5970175,-46.5459473
5036-9,-23.5222522,-46.7266095
5037-7,-23.465947,-46.6658238
5038-5,-23.4729938,-46.6893505
5039-3,-23.4774894,-46.7191725
5040-7,-23.4749668,-46.5655454
5041-5,-23.4987783,-46.5160603
5042-3,-23.6507916,-46.6549132
5043-1,-23.4945604,-46.4779922
5044-0,-23.5349096,-46.4851906
5045-8,-23.5291607,-46.4523751
5046-6,-23.4991895,-46.4058618
5047-4,-23.508102,-46.5863742
5048-2,-23.467965,-46.5935799
5049-0,-23.6052484,-46.5589534
5050-4,-23.4960178,-46.7071569
5052-0,-23.5947499,-46.6745955
5053-9,-23.4487241,-46.6127344
5054-7,-23.5163048,-46.5068881
5055-5,-23.4990113,-46.7490856
5056-3,-23.5778802,-46.5570412
5057-1,-23.5694872,-46.7001386
5058-0,-23.5887237,-46.5015583
5059-8,-23.6297243,-46.6802964
5060-1,-23.5433034,-46.703362
5061-0,-23.5207632,-46.5663966
5062-8,-23.6567665,-46.6366902
5063-6,-23.5959765,-46.5140245
5064-4,-23.5377545,-46.6385519
5065-2,-23.637613,-46.5949373
5066-0,-23.4327367,-46.7122185
5067-9,-23.6021281,-46.6164002
5068-7,-23.5533835,-46.7501064
5069-5,-23.6337486,-46.772289
5070-9,-23.7091574,-46.7020309
5071-7,-23.6250476,-46.6632858
5073-3,-23.6374849,-46.7608953
5074-1,-23.6283989,-46.7033948
5075-0,-23.6922796,-46.6602627
5077-6,-23.6599479,-46.6681698
5078-4,-23.6645596,-46.6707102
5079-2,-23.6161996,-46.4978539
5080-6,-23.5118143,-46.4339564
5081-4,-23.6713114,-46.7590313
5082-2,-23.5855581,-46.7557743
5083-0,-23.5165497,-46.4230885
5084-9,-23.6759353,-46.7477214
5085-7,-23.5181424,-46.49116
5086-5,-23.4547738,-46.7171694
5088-1,-23.5968672,-46.7819366
5092-0,-23.4891283,-46.4110779
5093-8,-23.5420513,-46.5283995
5096-2,-23.7646429,-46.6957167
5098-9,-23.5536648,-46.4900939
5099-7,-23.6094894,-46.5058654
5103-9,-23.4938658,-46.6562393
5104-7,-23.5105415,-46.4857253
5105-5,-23.5132991,-46.4624842
5106-3,-23.5108964,-46.5265377
5108-0,-23.658815,-46.6446604
5111-0,-23.7712485,-46.713909
5112-8,-23.5478192,-46.4343841
5116-0,-23.7372423,-46.6944299
5118-7,-23.62306,-46.50539
5119-5,-23.5976185,-46.7663557
5120-9,-23.5891399,-46.4057402
5123-3,-23.5339692,-46.4677502
5125-0,-23.600304,-46.4428197
5129-2,-23.4877843,-46.3835704
5130-6,-23.4610001,-46.6881002
5133-0,-23.4792322,-46.578174
5135-7,-23.5614833,-46.4652053
5137-3,-23.5656953,-46.6415296
5140-3,-23.5822802,-46.5198634
5141-1,-23.5198006,-46.4105334
5143-8,-23.6119789,-46.7042243
5148-9,-23.4823719,-46.4158344
5154-3,-23.4859977,-46.5854872
5158-6,-23.5184769,-46.4819002
5160-8,-23.5536827,-46.4055892
5162-4,-23.5389921,-46.6523096
5163-2,-23.6069949,-46.483277
5164-0,-23.5028278,-46.3868307
5166-7,-23.584864,-46.5713199
5168-3,-23.6291117,-46.739513
5170-5,-23.6174572,-46.465464
5171-3,-23.603563,-46.451601
5172-1,-23.5460945,-46.4544205
5181-0,-23.480913,-46.7476279
5182-9,-23.6137906,-46.4828898
5185-3,-23.4013446,-46.7473337
5186-1,-23.5583199,-46.5588818
5187-0,-23.6422188,-46.6969607
5188-8,-23.5439067,-46.4229681
5291-4,-23.5202622,-46.7017857
5380-5,-23.4726894,-46.626127
5390-2,-23.6044588,-46.5959748
5401-1,-23.5554464,-46.4399669
5402-0,-23.5417362,-46.5286187
5408-9,-23.6402869,-46.7462387
5413-5,-23.5016529,-46.7187629
5720-7,-23.5806475,-46.6392652
5791-6,-23.53898806,-46.54705643
5886-6,-23.545774,-46.435864
5942-0,-23.53967,-46.43186
5960-9,-23.6713841,-46.7014485
5978-1,-23.5199493,-46.6831355
5982-0,-23.5845219,-46.4063855
6000-3,-23.5431446,-46.6409172
6001-1,-23.5655304,-46.6261903
6002-0,-23.5553732,-46.6213474
6003-8,-23.5575769,-46.6436118
6004-6,-23.5364978,-46.6202375
6005-4,-23.5498362,-46.6577413
6006-2,-23.5722409,-46.655073
6007-0,-23.5752203,-46.6498478
6008-9,-23.54467,-46.6650304
6009-7,-23.5305512,-46.6588522
6010-0,-23.5816892,-46.6186445
6011-9,-23.5761108,-46.6072787
6012-7,-23.5052989,-46.6389618
6013-5,-23.5936147,-46.6438116
6014-3,-23.5236379,-46.5888531
6015-1,-23.5060442,-46.6562919
6016-0,-23.6005805,-46.6233444
6017-8,-23.6156055,-46.6437813
6018-6,-23.5590636,-46.5761837
6019-4,-23.548741,-46.5602262
6020-8,-23.497085,-46.634727
6021-6,-23.4923786,-46.6200396
6023-2,-23.4908344,-46.5907471
6024-0,-23.4896052,-46.66637
6025-9,-23.5356513,-46.7047317
6026-7,-23.6126545,-46.6633713
6027-5,-23.5304206,-46.5683147
6028-3,-23.4964347,-46.6939148
6029-1,-23.5108885,-46.5316849
6030-5,-23.537583,-46.5460264
6033-0,-23.6611649,-46.6424953
6034-8,-23.5938006,-46.7316163
6035-6,-23.5800401,-46.5745355
6036-4,-23.518351,-46.5221852
6037-2,-23.5320503,-46.5160457
6038-0,-23.5895452,-46.5761914
6039-9,-23.5751717,-46.5506138
6040-2,-23.4782744,-46.5995249
6041-0,-23.493458,-46.5769775
6042-9,-23.5491877,-46.5125948
6043-7,-23.5300201,-46.6849127
6044-5,-23.6249196,-46.6085821
6045-3,-23.6013871,-46.6756423
6046-1,-23.504993,-46.4422154
6047-0,-23.5215752,-46.5077732
6048-8,-23.584856,-46.6349608
6049-6,-23.6196495,-46.600571
6050-0,-23.4828789,-46.7076371
6051-8,-23.582066,-46.537321
6052-6,-23.611916,-46.4726034
6053-4,-23.4830898,-46.7409751
6054-2,-23.4836606,-46.6588825
6055-0,-23.4935048,-46.6758894
6056-9,-23.5365969,-46.4284607
6057-7,-23.6426398,-46.6544514
6058-5,-23.5698973,-46.752066
6059-3,-23.6242493,-46.586495
6060-7,-23.5895228,-46.5591049
6061-5,-23.6463966,-46.5951949
6062-3,-23.5664838,-46.5098431
6063-1,-23.6157798,-46.6884902
6064-0,-23.539164,-46.717636
6065-8,-23.4542895,-46.7414791
6066-6,-23.5438035,-46.495057
6068-2,-23.6471511,-46.6094005
6069-0,-23.5027978,-46.4944076
6070-4,-23.4905299,-46.6980549
6071-2,-23.475604,-46.6236056
6072-0,-23.4095791,-46.7569196
6073-9,-23.6695328,-46.7698039
6074-7,-23.667757,-46.6498072
6075-5,-23.6373157,-46.6920758
6076-3,-23.669832,-46.6733958
6077-1,-23.6171246,-46.7571838
6078-0,-23.6976574,-46.6481272
6079-8,-23.6726992,-46.7122024
6080-1,-23.6799087,-46.6823946
6081-0,-23.6776302,-46.7572765
6082-8,-23.5874597,-46.7694184
6084-4,-23.4627676,-46.6750595
6085-2,-23.5762989,-46.7307827
6086-0,-23.5174304,-46.4737689
6087-9,-23.5049777,-46.482253
6089-5,-23.5666564,-46.4065216
6091-7,-23.602677,-46.5287165
6092-5,-23.5602276,-46.4942039
6093-3,-23.686689,-46.7906465
6095-0,-23.6123973,-46.5200267
6096-8,-23.5067493,-46.4108736
6097-6,-23.6710356,-46.6825718
6098-4,-23.6891224,-46.7663377
6099-2,-23.4519028,-46.5987981
6100-0,-23.5940291,-46.4896883
6101-8,-23.6553887,-46.7733401
6104-2,-23.6088473,-46.747009
6105-0,-23.5522878,-46.4551341
6106-9,-23.4960823,-46.4502709
6107-7,-23.511004,-46.421176
6108-5,-23.5842372,-46.5149111
6111-5,-23.7319149,-46.7063964
6114-0,-23.6057568,-46.5204936
6118-2,-23.6879288,-46.6664611
6122-0,-23.5498051,-46.4401926
6123-9,-23.4096086,-46.7411693
6128-0,-23.5169226,-46.4672042
6129-8,-23.5491217,-46.5337443
6138-7,-23.4378141,-46.727729
6141-7,-23.602132,-46.6702431
6145-0,-23.493204,-46.4800963
6151-4,-23.3999909,-46.7549638
6155-7,-23.5882562,-46.4824953
6161-1,-23.661201,-46.6933475
6164-6,-23.6064623,-46.658808
6165-4,-23.5105948,-46.3945713
6166-2,-23.5876269,-46.4096098
6169-7,-23.5585154,-46.4007416
6170-0,-23.4730731,-46.7134301
6172-7,-23.4925009,-46.5055779
6173-5,-23.5778552,-46.4534222
6174-3,-23.6108124,-46.691834
6176-0,-23.5253643,-46.5488279
6203-0,-23.5457057,-46.4827291
6350-9,-23.5799366,-46.6293607
6360-6,-23.6350583,-46.7103986
6370-3,-23.5048482,-46.5826569
6380-0,-23.4471034,-46.7160413
6390-8,-23.5154559,-46.5440374
6400-9,-23.5081347,-46.7585809
6401-7,-23.6040883,-46.4501796
6402-5,-23.552977,-46.5994422
6711-3,-23.4679533,-46.5904837
6755-5,-23.5411679,-46.5947321
6797-0,-23.5989889,-46.5164685
6847-0,-23.5358347,-46.5338239
6881-0,-23.6264266,-46.7338878
6892-6,-23.5036936,-46.700063
6912-4,-23.8283137,-46.7309089
6918-3,-23.4846469,-46.425396
6934-5,-23.60488811,-46.69352936
6936-1,-23.654358,-46.7071178
7000-9,-23.5889463,-46.5714118
7001-7,-23.6450026,-46.6463917
7002-5,-23.570619,-46.6370276
7003-3,-23.5335844,-46.6134901
7004-1,-23.5335568,-46.6500876
7005-0,-23.5220708,-46.6420036
7006-8,-23.5892619,-46.6474617
7007-6,-23.562243,-46.6015968
7008-4,-23.6403432,-46.6669282
7009-2,-23.5633665,-46.5877608
7010-6,-23.5498755,-46.5845917
7011-4,-23.5372731,-46.5831686
7012-2,-23.5078905,-46.6049359
7013-0,-23.5094783,-46.5906613
7015-7,-23.5891635,-46.5847004
7016-5,-23.6383634,-46.6556031
7017-3,-23.5903397,-46.6897125
7018-1,-23.5583023,-46.6910967
7019-0,-23.5311975,-46.6871068
7020-3,-23.5008756,-46.641679
7021-1,-23.4976256,-46.6129767
7022-0,-23.4987542,-46.5827713
7023-8,-23.6060086,-46.6019186
7024-6,-23.6229778,-46.617889
7025-4,-23.6331468,-46.6405574
7026-2,-23.582413,-46.7135069
7028-9,-23.4854228,-46.7220209
7029-7,-23.6397796,-46.449997
7030-0,-23.5502613,-46.5536407
7031-9,-23.5281569,-46.5512569
7032-7,-23.5193416,-46.5340093
7033-5,-23.5395294,-46.525722
7034-3,-23.4748956,-46.6653308
7035-1,-23.4899275,-46.6900215
7036-0,-23.4600039,-46.6222333
7037-8,-23.5300598,-46.5051001
7038-6,-23.5549562,-46.4658573
7039-4,-23.556777,-46.5295923
7040-8,-23.6012391,-46.6115145
7041-6,-23.6108053,-46.5346806
7042-4,-23.6541717,-46.699581
7043-2,-23.5774106,-46.5364874
7044-0,-23.4982494,-46.7053602
7045-9,-23.4762852,-46.5761067
7046-7,-23.4749786,-46.587188
7047-5,-23.5148041,-46.565489
7048-3,-23.6156055,-46.6437813
7049-1,-23.7122393,-46.6878598
7050-5,-23.5320404,-46.4747176
7051-3,-23.6019409,-46.5918355
7052-1,-23.530001,-46.4347839
7053-0,-23.5049326,-46.4139693
7054-8,-23.4891687,-46.5991629
7055-6,-23.4888554,-46.6395557
7056-4,-23.6032462,-46.6232622
7057-2,-23.5202118,-46.4880227
7058-0,-23.4706365,-46.6369545
7059-9,-23.5691074,-46.5243291
7060-2,-23.4701227,-46.7049836
7061-0,-23.4711602,-46.7216152
7062-9,-23.54467,-46.6650304
7063-7,-23.5820893,-46.7402576
7064-5,-23.4853009,-46.745823
7065-3,-23.5049182,-46.7439861
7066-1,-23.6280736,-46.4695094
7067-0,-23.5946889,-46.6661627
7068-8,-23.510423,-46.4530269
7069-6,-23.4584323,-46.6990322
7070-0,-23.6672556,-46.7307367
7071-8,-23.5989971,-46.7394459
7072-6,-23.6317272,-46.6947077
7073-4,-23.616672,-46.669966
7074-2,-23.6865361,-46.6786061
7075-0,-23.7406873,-46.706768
7076-9,-23.6445381,-46.7395496
7077-7,-23.6841979,-46.7055478
7078-5,-23.5757405,-46.776099
7079-3,-23.6393541,-46.6050625
7081-5,-23.7559567,-46.6849471
7082-3,-23.5676984,-46.7437854
7083-1,-23.597921,-46.452345
7084-0,-23.4880009,-46.3832703
7085-8,-23.6413344,-46.7826148
7087-4,-23.5347267,-46.4500974
7088-2,-23.5812848,-46.5285758
7089-0,-23.5332042,-46.5568477
7090-4,-23.5994765,-46.5150566
7091-2,-23.6324564,-46.6043944
7092-0,-23.4725129,-46.6441792
7098-0,-23.4973517,-46.4620191
7100-5,-23.6332181,-46.4436893
7102-1,-23.4964956,-46.7253181
7103-0,-23.5290396,-46.4187047
7104-8,-23.5758868,-46.7614832
7106-4,-23.5496202,-46.4843563
7107-2,-23.6597278,-46.6772159
7108-0,-23.6090321,-46.4926606
7109-9,-23.4534823,-46.7483419
7110-2,-23.5022998,-46.6765416
7111-0,-23.6772949,-46.7641506
7113-7,-23.5882627,-46.547045
7114-5,-23.7553536,-46.7012821
7115-3,-23.5431255,-46.434751
7116-1,-23.5108723,-46.514294
7118-8,-23.5884834,-46.5068362
7122-6,-23.6741401,-46.6385425
7123-4,-23.6161928,-46.7202281
7125-0,-23.4688986,-46.6851577
7126-9,-23.6081972,-46.6290926
7127-7,-23.5094585,-46.3848261
7128-5,-23.4878395,-46.4870027
7132-3,-23.726896,-46.6984214
7133-1,-23.6067269,-46.5040083
7134-0,-23.6441014,-46.7689728
7135-8,-23.7419018,-46.6742714
7137-4,-23.5821354,-46.40469
7139-0,-23.4315056,-46.724392
7143-9,-23.6156055,-46.6437813
7144-7,-23.7067971,-46.690182
7146-3,-23.5277584,-46.4843166
7147-1,-23.5596017,-46.6364535
7148-0,-23.5698982,-46.6510538
7153-6,-23.5483013,-46.6190667
7157-9,-23.4595084,-46.7179186
7158-7,-23.7728988,-46.6899354
7159-5,-23.4837187,-46.4330191
7161-7,-23.5555392,-46.3975611
7162-5,-23.5630938,-46.6543732
7170-6,-23.4850589,-46.7099232
7171-4,-23.6941441,-46.6434879
7173-0,-23.5081583,-46.4884374
7184-6,-23.5746124,-46.7121248
7192-7,-23.591201,-46.4167177
7196-0,-23.4398953,-46.5772246
7198-6,-23.5923702,-46.4005426
7200-1,-23.4481777,-46.7087371
7203-6,-23.45091,-46.7888719
7205-2,-23.6526626,-46.7700301
7207-9,-23.5422847,-46.6456632
7208-7,-23.4949971,-46.4965089
7209-5,-23.6025174,-46.4342548
7210-9,-23.5689442,-46.485297
7214-1,-23.5011221,-46.5363893
7215-0,-23.5640517,-46.7659195
7217-6,-23.5197862,-46.4449497
7218-4,-23.5046115,-46.4729072
7219-2,-23.6526381,-46.6115963
7220-6,-23.5277741,-46.3964742
7222-2,-23.5246843,-46.4277086
7224-9,-23.6109994,-46.5920917
7225-7,-23.4131035,-46.7500977
7230-3,-23.6368583,-46.6003537
7233-8,-23.8565891,-46.70789372
7234-6,-23.6259018,-46.740812
7235-4,-23.5449906,-46.4202593
7238-9,-23.5633105,-46.4331312
7239-7,-23.5344594,-46.4585974
7240-0,-23.447289,-46.5014301
7241-9,-23.6326946,-46.7555068
7242-7,-23.7639208,-46.7076284
7244-3,-23.5346591,-46.6269916
7246-0,-23.4415463,-46.7078845
7248-6,-23.769548,-46.7228717
7252-4,-23.508461,-46.6619345
7256-7,-23.6169325,-46.4788882
7263-0,-23.6656515,-46.7625109
7265-6,-23.556319,-46.4532695
7267-2,-23.6333022,-46.7221829
7268-0,-23.5488228,-46.4248892
7269-9,-23.5779772,-46.4806246
7270-2,-23.5994806,-46.4854674
7271-0,-23.5826087,-46.6530661
7272-9,-23.5667286,-46.5103573
7293-1,-23.6513486,-46.7073947
7319-9,-23.6172379,-46.7399726
7354-7,-23.5278799,-46.6733949
7370-9,-23.5354697,-46.4540865
7380-6,-23.5656289,-46.3958944
7390-3,-23.5184233,-46.7003616
7400-4,-23.663848,-46.749173
7401-2,-23.622794,-46.5971162
7406-3,-23.5134189,-46.5214051
7481-0,-23.5034642,-46.7153691
7715-1,-23.53770852,-46.39890287
7726-7,-23.6002168,-46.4807591
7806-9,-23.5199493,-46.6831355
7846-8,-23.5147181,-46.4544074
7882-4,-23.6187242,-46.7479323
7920-0,-23.4996307,-46.4518336
7930-8,-23.4945908,-46.4429308
7973-1,-23.700665,-46.6504959
7975-8,-23.5189215,-46.7051909
7977-4,-23.5282869,-46.5706862
7981-2,-23.5868536,-46.6086236
7985-5,-23.5924279,-46.5128217
